Survived,Pclass,Sex,Age,SibSp,Parch,Fare,Embarked,FamilySize
0,3,0,22.0,1,0,-0.5021631365156053,0,2
1,1,1,38.0,1,0,0.7864036178345382,1,2
1,3,1,26.0,0,0,-0.48857985158126094,0,1
1,1,1,35.0,1,0,0.42049406976540915,0,2
0,3,0,35.0,0,0,-0.48606442844527126,0,1
0,3,0,28.0,0,0,-0.47784805031387456,2,1
0,1,0,54.0,0,0,0.39559138071911126,0,1
0,3,0,2.0,3,1,-0.22395733767514672,0,5
1,3,1,27.0,0,2,-0.4240179952036955,0,3
1,2,1,14.0,1,0,-0.042931390101259084,1,2
1,3,1,4.0,1,1,-0.3119971474347855,0,3
1,1,1,58.0,0,0,-0.11378180431879874,0,1
0,3,0,20.0,0,0,-0.48606442844527126,0,1
0,3,0,39.0,1,5,-0.01869880977838891,0,7
0,3,1,14.0,0,0,-0.49000458724548557,0,1
1,2,1,55.0,0,0,-0.3260835169963277,0,1
0,3,0,2.0,4,1,-0.06196408771741136,2,6
1,2,0,28.0,0,0,-0.38645367226008,0,1
0,3,1,31.0,1,0,-0.2858367468204928,0,2
1,3,1,28.0,0,0,-0.5026662211428031,1,1
0,2,0,35.0,0,0,-0.12484966611715334,0,1
1,2,0,34.0,0,0,-0.38645367226008,0,1
1,3,1,15.0,0,0,-0.4864829948551,2,1
1,1,0,28.0,0,0,0.06632249221806229,0,1
0,3,1,8.0,3,1,-0.22395733767514672,0,5
1,3,1,38.0,1,5,-0.01643492895599818,0,7
0,3,0,28.0,0,0,-0.5026662211428031,1,1
0,1,0,19.0,3,2,4.6443925997192785,0,6
1,3,1,28.0,0,0,-0.48950150261828757,2,1
0,3,0,28.0,0,0,-0.48916745442582815,0,1
0,1,0,40.0,0,0,-0.09022134505786501,1,1
1,1,1,28.0,1,0,2.3004368033867264,1,2
1,3,1,28.0,0,0,-0.4921014439716465,2,1
0,2,0,66.0,0,0,-0.4367621349798736,0,1
0,1,0,28.0,1,0,1.0054969729792393,1,2
0,1,0,42.0,1,0,0.3983583461687,0,2
1,3,0,28.0,0,0,-0.5025817029254339,1,1
0,3,0,21.0,0,0,-0.48606442844527126,0,1
0,3,1,18.0,2,0,-0.2858367468204928,0,3
1,3,1,14.0,1,0,-0.42183662026016516,1,2
0,3,1,40.0,1,0,-0.45738860469498893,0,2
0,2,1,27.0,1,0,-0.2254665915567405,0,2
0,3,0,28.0,0,0,-0.48916745442582815,1,1
1,2,1,3.0,1,2,0.18865657484452994,1,4
1,3,1,19.0,0,0,-0.48950150261828757,2,1
0,3,0,28.0,0,0,-0.48606442844527126,0,1
0,3,0,28.0,1,0,-0.3361452095402864,2,2
1,3,1,28.0,0,0,-0.4921014439716465,2,1
0,3,0,28.0,2,0,-0.21179878840502697,1,3
0,3,1,18.0,1,0,-0.2898614238380763,0,2
0,3,0,7.0,4,1,0.15058916727371655,0,6
0,3,0,21.0,0,0,-0.4910952747172506,0,1
1,1,1,49.0,1,0,0.8959935606848278,1,2
1,2,1,29.0,1,0,-0.12484966611715334,0,2
0,1,0,65.0,0,1,0.5991736306380456,1,2
1,1,0,28.0,0,0,0.06632249221806229,0,1
1,2,1,21.0,0,0,-0.4367621349798736,0,1
0,3,0,28.5,0,0,-0.5025817029254339,1,1
1,2,1,5.0,1,2,-0.08963374221329784,0,4
0,3,0,11.0,5,2,0.295729082220321,0,8
0,3,0,22.0,0,0,-0.5025817029254339,1,1
1,1,1,38.0,0,0,0.9618131286303881,0,1
0,1,0,45.0,1,0,1.0317418918109011,0,2
0,3,0,4.0,3,2,-0.08661523445011025,0,6
0,1,0,28.0,0,0,-0.09022134505786501,1,1
1,3,0,28.0,1,1,-0.34126057402963506,1,3
1,2,1,29.0,0,0,-0.4367621349798736,0,1
0,3,0,19.0,0,0,-0.4838850658402498,0,1
1,3,1,17.0,4,2,-0.48857985158126094,0,7
0,3,0,26.0,2,0,-0.47373885507892183,0,3
0,2,0,32.0,0,0,-0.4367621349798736,0,1
0,3,1,16.0,5,2,0.295729082220321,0,8
0,2,0,21.0,0,0,0.8310111255589248,0,1
0,3,0,26.0,1,0,-0.35719024566523044,1,2
1,3,0,32.0,0,0,0.4888290608469592,0,1
0,3,0,25.0,0,0,-0.4941137824804383,0,1
0,3,0,28.0,0,0,-0.48916745442582815,0,1
0,3,0,28.0,0,0,-0.48606442844527126,0,1
1,2,0,0.83,0,2,-0.06447951085340105,0,3
1,3,1,30.0,0,0,-0.3970184494312366,0,1
0,3,0,22.0,0,0,-0.4669472126117497,0,1
1,3,0,29.0,0,0,-0.456885520067791,0,1
1,3,1,28.0,0,0,-0.4913468170308496,2,1
0,1,0,28.0,0,0,0.29975375923790454,0,1
1,2,1,17.0,0,0,-0.4367621349798736,0,1
1,3,1,33.0,3,0,-0.3291020247595153,0,4
0,3,0,16.0,1,3,0.04368368399415517,0,5
0,3,0,28.0,0,0,-0.48606442844527126,0,1
1,1,1,23.0,3,2,4.6443925997192785,0,6
0,3,0,24.0,0,0,-0.48606442844527126,0,1
0,3,0,29.0,0,0,-0.48606442844527126,0,1
0,3,0,20.0,0,0,-0.49000458724548557,0,1
0,1,0,46.0,1,0,0.5829904043503423,0,2
0,3,0,26.0,1,2,-0.23401903021910545,0,4
0,3,0,59.0,0,0,-0.5021631365156053,0,1
0,3,0,28.0,0,0,-0.48606442844527126,0,1
0,1,0,71.0,0,0,0.04930213311070177,1,1
1,1,0,23.0,0,1,0.6269257910127926,1,2
1,2,1,34.0,0,1,-0.18521982138090565,0,2
0,2,0,34.0,1,0,-0.12484966611715334,0,2
0,3,1,28.0,0,0,-0.48916745442582815,0,1
0,3,0,28.0,0,0,-0.48916745442582815,0,1
0,1,0,21.0,0,1,0.9072284465794119,0,2
0,3,0,33.0,0,0,-0.4739058791751516,0,1
0,3,0,37.0,2,0,-0.48857985158126094,0,3
0,3,0,28.0,0,0,-0.48916745442582815,0,1
1,3,1,21.0,0,0,-0.4941137824804383,0,1
1,3,0,28.0,0,0,-0.4915983593444486,0,1
0,3,0,38.0,0,0,-0.48916745442582815,0,1
1,3,1,28.0,1,0,-0.16207792852980063,2,2
0,1,0,47.0,0,0,0.3983583461687,0,1
0,3,1,14.5,1,0,-0.35719024566523044,1,2
0,3,0,22.0,0,0,-0.48606442844527126,0,1
0,3,1,20.0,1,0,-0.45034541991421784,0,2
0,3,1,17.0,0,0,-0.35710773978636995,1,1
0,3,0,21.0,0,0,-0.48857985158126094,0,1
0,3,0,70.5,0,0,-0.4921014439716465,2,1
0,2,0,29.0,1,0,-0.2254665915567405,0,2
0,1,0,24.0,0,1,4.332898697266388,1,2
0,3,1,2.0,4,2,-0.01869880977838891,0,7
0,2,0,21.0,2,0,0.8310111255589248,0,3
0,3,0,28.0,0,0,-0.48606442844527126,0,1
0,2,0,32.5,1,0,-0.042931390101259084,1,2
1,2,1,32.5,0,0,-0.38645367226008,0,1
0,1,0,54.0,0,1,0.9072284465794119,0,2
1,3,0,12.0,1,0,-0.42183662026016516,1,2
0,3,0,28.0,0,0,-0.4921014439716465,2,1
1,3,0,24.0,0,0,-0.5043424991206267,0,1
1,3,1,28.0,1,1,-0.19813299759182226,1,3
0,3,0,45.0,0,0,-0.5076970674147825,0,1
0,3,0,33.0,0,0,-0.48916745442582815,1,1
0,3,0,20.0,0,0,-0.5061878135331888,0,1
0,3,1,47.0,1,0,-0.3562685946282038,0,2
1,2,1,29.0,1,0,-0.12484966611715334,0,2
0,2,0,25.0,0,0,-0.38645367226008,0,1
0,2,0,23.0,0,0,-0.3452852510472185,1,1
1,1,1,19.0,0,2,-0.11914871112174633,0,3
0,1,0,37.0,1,0,0.42049406976540915,0,2
0,3,0,16.0,0,0,-0.46258647506319805,0,1
0,1,0,24.0,0,0,0.9457144205600542,1,1
0,3,1,28.0,0,2,-0.34126057402963506,1,3
1,3,1,22.0,0,0,-0.4921014439716465,0,1
1,3,1,24.0,1,0,-0.3291020247595153,0,2
0,3,0,19.0,0,0,-0.5122248290595639,2,1
0,2,0,18.0,0,0,-0.41663874989195615,0,1
0,2,0,19.0,1,1,0.09147672357795908,0,3
1,3,0,27.0,0,0,-0.4911797929346199,0,1
0,3,1,9.0,2,2,0.04368368399415517,0,5
0,2,0,36.5,0,2,-0.12484966611715334,0,3
0,2,0,42.0,0,0,-0.38645367226008,0,1
0,2,0,51.0,0,0,-0.3960122801768408,0,1
1,1,1,22.0,1,0,0.6921597684522943,0,2
0,3,0,55.5,0,0,-0.48606442844527126,0,1
0,3,0,40.5,0,2,-0.3562685946282038,0,3
0,3,0,28.0,0,0,-0.5009054249476104,0,1
0,1,0,51.0,0,1,0.5870995995852951,1,2
1,3,1,16.0,0,0,-0.49243750450261475,2,1
0,3,0,30.0,0,0,-0.48606442844527126,0,1
0,3,0,28.0,0,0,-0.47373885507892183,0,1
0,3,0,28.0,8,2,0.7515237544616509,0,11
0,3,0,44.0,0,1,-0.3240711784875359,0,2
1,2,1,40.0,0,0,-0.33111436326830707,0,1
0,3,0,26.0,0,0,-0.4915983593444486,0,1
0,3,0,17.0,0,0,-0.47373885507892183,0,1
0,3,0,1.0,4,1,0.15058916727371655,0,6
1,3,0,9.0,0,2,-0.23502519947350134,0,3
1,1,1,28.0,0,1,0.45872850143245225,0,2
0,3,1,45.0,1,4,-0.08661523445011025,0,6
0,1,0,28.0,0,0,-0.12635891999874713,0,1
0,3,0,28.0,0,0,0.4888290608469592,0,1
0,1,0,61.0,0,0,0.02607572204222741,0,1
0,3,0,4.0,4,1,-0.06196408771741136,2,6
1,3,1,1.0,1,1,-0.4240179952036955,0,3
0,3,0,21.0,0,0,-0.48857985158126094,0,1
0,1,0,56.0,0,0,-0.030354274421310688,1,1
0,3,0,18.0,1,1,-0.49000458724548557,0,3
0,3,0,28.0,3,1,-0.13558146738453972,0,5
0,1,1,50.0,0,0,-0.07026498406617733,1,1
0,2,0,30.0,0,0,-0.38645367226008,0,1
0,3,0,36.0,0,0,-0.6480576784030067,0,1
0,3,1,28.0,8,2,0.7515237544616509,0,11
0,2,0,28.0,0,0,-0.34520073282984926,1,1
0,3,0,9.0,4,2,-0.01643492895599818,0,7
1,2,0,1.0,2,1,0.1367543400257733,0,4
1,3,1,4.0,0,2,-0.20484012184162517,0,3
0,1,0,28.0,0,0,0.3581115759928651,0,1
1,3,1,28.0,1,0,-0.3361452095402864,2,2
1,1,0,45.0,0,0,-0.11378180431879874,0,1
0,3,0,40.0,1,1,-0.3361452095402864,2,3
0,3,0,36.0,0,0,-0.48916745442582815,0,1
1,2,1,32.0,0,0,-0.38645367226008,0,1
0,2,0,19.0,0,0,-0.38645367226008,0,1
1,3,1,19.0,1,0,-0.49000458724548557,0,2
1,2,0,3.0,1,1,-0.12484966611715334,0,3
1,1,1,44.0,0,0,-0.09022134505786501,1,1
1,1,1,58.0,0,0,2.3004368033867264,1,1
0,3,0,28.0,0,0,-0.4921014439716465,2,1
0,3,0,42.0,0,1,-0.47893672544713095,0,2
1,3,1,28.0,0,0,-0.4921014439716465,2,1
0,2,1,24.0,0,0,-0.38645367226008,0,1
0,3,0,28.0,0,0,-0.456885520067791,0,1
0,3,0,28.0,8,2,0.7515237544616509,0,11
0,3,0,34.0,0,0,-0.5173401935489126,0,1
0,3,0,45.5,0,0,-0.5026662211428031,1,1
1,3,0,18.0,0,0,-0.48606442844527126,0,1
0,3,1,2.0,0,1,-0.4375167619206705,0,2
0,3,0,32.0,1,0,-0.3291020247595153,0,2
1,3,0,26.0,0,0,-0.2699895810637578,1,1
1,3,1,16.0,0,0,-0.4921014439716465,2,1
1,1,0,40.0,0,0,-0.024232740677566172,1,1
0,3,0,24.0,0,0,-0.5061878135331888,0,1
1,2,1,35.0,0,0,-0.2254665915567405,0,1
0,3,0,22.0,0,0,-0.5021631365156053,0,1
0,2,0,30.0,0,0,-0.38645367226008,0,1
0,3,0,28.0,1,0,-0.4921014439716465,2,2
1,1,1,31.0,1,0,1.631418767430841,1,2
1,3,1,27.0,0,0,-0.48857985158126094,0,1
0,2,0,42.0,1,0,-0.10472628102923591,0,2
1,1,1,32.0,0,0,0.887189579708864,1,1
0,2,0,30.0,0,0,-0.4367621349798736,0,1
1,3,0,16.0,0,0,-0.48606442844527126,0,1
0,2,0,27.0,0,0,-0.38645367226008,0,1
0,3,0,51.0,0,0,-0.48606442844527126,0,1
0,3,0,28.0,0,0,-0.48916745442582815,0,1
1,1,0,38.0,1,0,1.1630469795095624,0,2
0,3,0,22.0,0,0,-0.4599040278309786,0,1
1,2,0,19.0,0,0,-0.4367621349798736,0,1
0,3,0,20.5,0,0,-0.5021631365156053,0,1
0,2,0,18.0,0,0,-0.38645367226008,0,1
0,3,1,28.0,3,1,-0.13558146738453972,0,5
1,1,1,35.0,1,0,1.0317418918109011,0,2
0,3,0,29.0,0,0,-0.4915983593444486,0,1
0,2,0,59.0,0,0,-0.37639197971612126,0,1
1,3,1,5.0,4,2,-0.01643492895599818,0,7
0,2,0,24.0,0,0,-0.4367621349798736,0,1
0,3,1,28.0,0,0,-0.49612612098923,0,1
0,2,0,44.0,1,0,-0.12484966611715334,0,2
1,2,1,8.0,0,2,-0.11981881984517398,0,3
0,2,0,19.0,0,0,-0.4367621349798736,0,1
0,2,0,33.0,0,0,-0.4010431264488202,0,1
0,3,1,28.0,1,0,-0.35719024566523044,1,2
1,3,1,28.0,1,0,-0.3361452095402864,2,2
0,2,0,29.0,0,0,-0.4367621349798736,0,1
0,3,0,22.0,0,0,-0.5046785596515949,0,1
0,3,0,30.0,0,0,-0.5026662211428031,1,1
0,1,0,44.0,2,0,1.1630469795095624,2,3
0,3,1,25.0,0,0,-0.4915983593444486,0,1
1,2,1,24.0,0,2,-0.3562685946282038,0,3
1,1,0,37.0,1,1,0.4095107261844238,0,3
0,2,0,54.0,1,0,-0.12484966611715334,0,2
0,3,0,28.0,0,0,-0.5021631365156053,0,1
0,3,1,29.0,1,1,-0.4375167619206705,0,3
0,1,0,62.0,0,0,-0.11378180431879874,0,1
0,3,0,30.0,1,0,-0.3240711784875359,0,2
0,3,1,41.0,0,2,-0.2413137573134755,0,3
1,3,1,29.0,0,2,-0.34126057402963506,1,3
1,1,1,28.0,0,0,0.9457144205600542,1,1
1,1,1,30.0,0,0,1.0926151317018513,0,1
1,1,1,35.0,0,0,9.661740104981662,1,1
1,2,1,50.0,0,1,-0.12484966611715334,0,2
0,3,0,28.0,0,0,-0.4921014439716465,2,1
1,3,0,3.0,4,2,-0.01643492895599818,0,7
0,1,0,52.0,1,1,0.9547699438496171,0,3
0,1,0,40.0,0,0,-0.6480576784030067,0,1
0,3,1,28.0,0,0,-0.4921014439716465,2,1
0,2,0,36.0,0,0,-0.4367621349798736,0,1
0,3,0,16.0,4,1,0.15058916727371655,0,6
1,3,0,25.0,1,0,-0.4915983593444486,0,2
1,1,1,58.0,0,1,2.4401273056515227,0,2
1,1,1,35.0,0,0,2.0813434482420248,0,1
0,1,0,28.0,0,0,-0.024232740677566172,0,1
1,3,0,25.0,0,0,-0.6480576784030067,0,1
1,2,1,41.0,0,1,-0.25565166918861665,0,2
0,1,0,37.0,0,1,-0.05039314129185885,1,2
1,3,1,28.0,0,0,-0.4921014439716465,2,1
1,1,1,63.0,1,0,0.920727213296387,0,2
0,3,1,45.0,0,0,-0.4921014439716465,0,1
0,2,0,28.0,0,0,-0.6480576784030067,0,1
0,3,0,7.0,4,1,-0.06196408771741136,2,6
1,3,1,35.0,1,1,-0.2405591303726786,0,3
0,3,0,65.0,0,0,-0.4921014439716465,2,1
0,3,0,28.0,0,0,-0.49000458724548557,0,1
0,3,0,16.0,0,0,-0.456885520067791,0,1
1,3,0,19.0,0,0,-0.48606442844527126,0,1
0,1,0,28.0,0,0,-0.12484966611715334,0,1
0,3,0,33.0,0,0,-0.47373885507892183,1,1
1,3,0,30.0,0,0,-0.456885520067791,0,1
0,3,0,22.0,0,0,-0.48916745442582815,0,1
1,2,0,42.0,0,0,-0.38645367226008,0,1
1,3,1,22.0,0,0,-0.4921014439716465,2,1
1,1,1,26.0,0,0,0.9386712357792829,0,1
1,1,1,19.0,1,0,1.184764136696443,1,2
0,2,0,36.0,0,0,-0.38896909539606966,1,1
0,3,1,24.0,0,0,-0.46996572037493733,0,1
0,3,0,24.0,0,0,-0.48916745442582815,0,1
0,1,0,28.0,0,0,-0.09022134505786501,1,1
0,3,0,23.5,0,0,-0.5025817029254339,1,1
0,1,1,2.0,1,2,2.4016413316708807,0,4
1,1,0,28.0,0,0,-0.03429443322152489,0,1
1,1,1,50.0,0,1,4.332898697266388,1,2
1,3,1,28.0,0,0,-0.4921014439716465,2,1
1,3,0,28.0,2,0,-0.18018897510892629,2,3
0,3,0,19.0,0,0,-0.6480576784030067,0,1
1,2,1,28.0,0,0,-0.3995338725672263,2,1
0,3,0,28.0,0,0,-0.48606442844527126,0,1
1,1,0,0.92,1,2,2.4016413316708807,0,4
1,1,1,28.0,0,0,1.5832896673160688,1,1
1,1,1,17.0,1,0,1.543378957671202,1,2
0,2,0,30.0,1,0,-0.1650964362929882,1,2
1,1,1,30.0,0,0,0.4975505359440626,1,1
1,1,1,24.0,0,0,1.0253688157535576,1,1
1,1,1,18.0,2,2,4.631815484039331,1,5
0,2,1,26.0,1,1,-0.12484966611715334,0,3
0,3,0,28.0,0,0,-0.48916745442582815,0,1
0,2,0,43.0,1,1,-0.11981881984517398,0,3
1,3,1,26.0,0,0,-0.49000458724548557,0,1
1,2,1,24.0,1,0,-0.12484966611715334,0,2
0,2,0,54.0,0,0,-0.36633028717216254,0,1
1,1,1,31.0,0,2,2.6696184138711505,0,3
1,1,1,40.0,1,1,2.0585376159218884,1,3
0,3,0,22.0,0,0,-0.5021631365156053,0,1
0,3,0,27.0,0,0,-0.48916745442582815,0,1
1,2,1,30.0,0,0,-0.3995338725672263,2,1
1,2,1,22.0,1,1,-0.06447951085340105,0,3
0,3,0,28.0,8,2,0.7515237544616509,0,11
1,1,1,36.0,0,0,2.0813434482420248,1,1
0,3,0,61.0,0,0,-0.5225380639171217,0,1
1,2,1,36.0,0,0,-0.38645367226008,0,1
1,3,1,31.0,1,1,-0.23502519947350134,0,3
1,1,1,16.0,0,1,0.5186800902863759,1,2
1,3,1,28.0,2,0,-0.18018897510892629,2,3
0,1,0,45.5,0,0,-0.07454120339735976,0,1
0,1,0,38.0,0,1,2.4401273056515227,0,2
0,3,0,16.0,2,0,-0.2858367468204928,0,3
1,1,1,28.0,1,0,2.0414327385971585,0,2
0,3,0,28.0,0,0,-0.48916745442582815,0,1
0,1,0,29.0,1,0,0.6921597684522943,0,2
1,1,1,41.0,0,0,2.0585376159218884,1,1
1,3,0,45.0,0,0,-0.48606442844527126,0,1
0,1,0,45.0,0,0,0.06632249221806229,0,1
1,2,0,2.0,1,1,-0.12484966611715334,0,3
1,1,1,24.0,3,2,4.6443925997192785,0,6
0,2,0,28.0,0,0,-0.38645367226008,0,1
0,2,0,25.0,0,0,-0.38645367226008,0,1
0,2,0,36.0,0,0,-0.38645367226008,0,1
1,2,1,24.0,0,0,-0.38645367226008,0,1
1,2,1,40.0,0,0,-0.38645367226008,0,1
1,3,1,28.0,1,0,-0.3240711784875359,0,2
1,3,0,3.0,1,1,-0.32809585550511944,0,3
0,3,0,42.0,0,0,-0.47373885507892183,0,1
0,3,0,23.0,0,0,-0.4624194509669683,0,1
0,1,0,28.0,0,0,0.056260799674103565,0,1
0,3,0,15.0,1,1,-0.5025817029254339,1,3
0,3,0,25.0,1,0,-0.2898614238380763,0,2
0,3,0,28.0,0,0,-0.5026662211428031,1,1
0,3,0,28.0,0,0,-0.456885520067791,0,1
1,1,1,22.0,0,1,0.45872850143245225,0,2
0,2,1,38.0,0,0,-0.38645367226008,0,1
1,3,1,28.0,0,0,-0.48950150261828757,2,1
1,3,1,28.0,0,0,-0.48950150261828757,2,1
0,3,0,40.0,1,4,-0.08661523445011025,0,6
0,2,0,29.0,1,0,-0.09022134505786501,1,2
0,3,1,45.0,0,1,-0.35719024566523044,1,2
0,3,0,35.0,0,0,-0.5061878135331888,0,1
0,3,0,28.0,1,0,-0.3361452095402864,2,2
0,3,0,30.0,0,0,-0.5021631365156053,0,1
1,1,1,60.0,1,0,0.8662270494627803,1,2
1,3,1,28.0,0,0,-0.5025817029254339,1,1
1,3,1,28.0,0,0,-0.4921014439716465,2,1
1,1,1,24.0,0,0,0.7464929081896715,1,1
1,1,0,25.0,1,0,0.4676170006257853,1,2
0,3,0,18.0,1,0,-0.5173401935489126,0,2
0,3,0,19.0,0,0,-0.48606442844527126,0,1
0,1,0,22.0,0,0,2.0813434482420248,1,1
0,3,1,3.0,3,1,-0.22395733767514672,0,5
1,1,1,28.0,1,0,1.0054969729792393,1,2
1,3,1,22.0,0,0,-0.5021631365156053,0,1
0,1,0,27.0,0,2,3.608038267691531,1,3
0,3,0,20.0,0,0,-0.567312595737738,1,1
0,3,0,19.0,0,0,-0.4915983593444486,0,1
1,1,1,42.0,0,0,3.9305155137254073,1,1
1,3,1,1.0,0,2,-0.3312813873645367,1,3
0,3,0,32.0,0,0,-0.48857985158126094,0,1
1,1,1,35.0,1,0,0.3983583461687,0,2
0,3,0,28.0,0,0,-0.48916745442582815,0,1
0,2,0,18.0,0,0,0.8310111255589248,0,1
0,3,0,1.0,5,2,0.295729082220321,0,8
1,2,1,36.0,0,0,-0.38645367226008,0,1
0,3,0,28.0,0,0,-0.49252001038147525,2,1
1,2,1,17.0,0,0,-0.40657705734799743,1,1
1,1,0,36.0,1,2,1.7667485321470855,0,4
1,3,0,21.0,0,0,-0.4911797929346199,0,1
0,3,0,28.0,2,0,-0.48857985158126094,0,3
1,1,1,23.0,1,0,1.631418767430841,1,2
1,3,1,24.0,0,2,-0.3119971474347855,0,3
0,3,0,22.0,0,0,-0.4911797929346199,0,1
0,3,1,31.0,0,0,-0.49000458724548557,0,1
0,2,0,46.0,0,0,-0.12484966611715334,0,1
0,2,0,23.0,0,0,-0.4367621349798736,0,1
1,2,1,28.0,0,0,-0.39349685704085113,0,1
1,3,0,39.0,0,0,-0.48857985158126094,0,1
0,3,0,26.0,0,0,-0.48606442844527126,0,1
0,3,1,21.0,1,0,-0.45034541991421784,0,2
0,3,0,28.0,1,0,-0.3291020247595153,0,2
0,3,1,20.0,0,0,-0.47373885507892183,0,1
0,2,0,34.0,1,0,-0.2254665915567405,0,2
0,3,0,51.0,0,0,-0.4921014439716465,0,1
1,2,0,3.0,1,1,-0.27074420800455473,0,3
0,3,0,21.0,0,0,-0.4915983593444486,0,1
0,3,1,28.0,3,1,-0.13558146738453972,0,5
0,3,0,28.0,0,0,-0.48916745442582815,0,1
0,3,0,28.0,0,0,-0.5100454664545425,2,1
1,1,1,33.0,1,0,1.1630469795095624,2,2
0,2,0,28.0,0,0,-0.6480576784030067,0,1
1,3,0,44.0,0,0,-0.48857985158126094,0,1
0,3,1,28.0,0,0,-0.48606442844527126,0,1
1,2,1,34.0,1,1,0.005952336954309978,0,3
1,2,1,18.0,0,2,-0.38645367226008,0,3
0,2,0,30.0,0,0,-0.38645367226008,0,1
0,3,1,10.0,0,2,-0.16207792852980063,0,3
0,3,0,28.0,0,0,-0.48916745442582815,1,1
0,3,0,21.0,0,0,-0.49243750450261475,2,1
0,3,0,29.0,0,0,-0.48958602083565683,0,1
0,3,1,28.0,1,1,-0.3582809331369956,0,3
0,3,0,18.0,1,1,-0.2413137573134755,0,3
0,3,0,28.0,0,0,-0.5021631365156053,0,1
1,2,1,28.0,1,0,-0.12484966611715334,0,2
1,2,1,19.0,0,0,-0.12484966611715334,0,1
0,3,0,28.0,0,0,-0.4921014439716465,2,1
1,3,0,32.0,0,0,-0.48606442844527126,0,1
1,1,0,28.0,0,0,-0.11378180431879874,0,1
1,3,1,28.0,1,0,-0.3240711784875359,0,2
1,2,1,42.0,1,0,-0.12484966611715334,0,2
0,3,0,17.0,0,0,-0.5046785596515949,0,1
0,1,0,50.0,1,0,0.4768395480115779,0,2
1,1,1,14.0,1,2,1.7667485321470855,0,4
0,3,1,21.0,2,2,0.04368368399415517,0,5
1,2,1,24.0,2,3,-0.27074420800455473,0,6
0,1,0,64.0,1,4,4.6443925997192785,0,6
0,2,0,31.0,0,0,-0.4367621349798736,0,1
1,2,1,45.0,1,1,-0.11981881984517398,0,3
0,3,0,20.0,0,0,-0.456885520067791,0,1
0,3,0,25.0,1,0,-0.4915983593444486,0,2
1,2,1,28.0,0,0,-0.38645367226008,0,1
1,3,0,28.0,0,0,-0.48480671687727644,0,1
1,1,0,4.0,0,2,0.9992084151392651,0,3
1,2,1,13.0,0,1,-0.25565166918861665,0,2
1,1,0,34.0,0,0,-0.11378180431879874,0,1
1,3,1,5.0,2,1,-0.26051549136436636,1,4
1,1,0,52.0,0,0,-0.03429443322152489,0,1
0,2,0,36.0,1,2,-0.08963374221329784,0,4
0,3,0,28.0,1,0,-0.2462600853680856,0,2
0,1,0,30.0,0,0,-0.08963374221329784,1,1
1,1,0,49.0,1,0,1.1450204511478062,1,2
0,3,0,28.0,0,0,-0.48606442844527126,0,1
1,3,0,29.0,0,0,-0.48916745442582815,1,1
0,1,0,65.0,0,0,-0.11378180431879874,0,1
1,1,1,28.0,1,0,0.39559138071911126,0,2
1,2,1,50.0,0,0,-0.4367621349798736,0,1
0,3,0,28.0,0,0,-0.4921014439716465,2,1
1,1,0,48.0,0,0,-0.11378180431879874,0,1
0,3,0,34.0,0,0,-0.48606442844527126,0,1
0,1,0,47.0,0,0,0.12669264748181458,0,1
0,2,0,48.0,0,0,-0.38645367226008,0,1
0,3,0,28.0,0,0,-0.48606442844527126,0,1
0,3,0,38.0,0,0,-0.5061878135331888,0,1
0,2,0,28.0,0,0,-0.6480576784030067,0,1
0,1,0,56.0,0,0,-0.11378180431879874,0,1
0,3,0,28.0,0,0,-0.4926045285988444,2,1
1,3,1,0.75,2,1,-0.26051549136436636,1,4
0,3,0,28.0,0,0,-0.5021631365156053,0,1
0,3,0,38.0,0,0,-0.47373885507892183,0,1
1,2,1,33.0,1,2,-0.08963374221329784,0,4
1,2,1,23.0,0,0,-0.37052198828597577,1,1
0,3,1,22.0,0,0,-0.4500938776006189,0,1
0,1,0,28.0,0,0,0.3983583461687,0,1
0,2,0,34.0,1,0,-0.2254665915567405,0,2
0,3,0,29.0,1,0,-0.506272331750558,0,2
0,3,0,22.0,0,0,-0.4967137238337972,0,1
1,3,1,2.0,0,1,-0.40079158413522115,0,2
0,3,0,9.0,5,2,0.295729082220321,0,8
0,2,0,28.0,0,0,-0.6480576784030067,0,1
0,3,0,50.0,0,0,-0.48606442844527126,0,1
1,3,1,63.0,0,0,-0.4551247238725983,0,1
1,1,0,25.0,1,0,1.184764136696443,1,2
0,3,1,28.0,3,1,-0.13558146738453972,0,5
1,1,1,35.0,1,0,1.1630469795095624,0,2
0,1,0,58.0,0,0,-0.05039314129185885,1,1
0,3,0,30.0,0,0,-0.48606442844527126,0,1
1,3,0,9.0,1,1,-0.32809585550511944,0,3
0,3,0,28.0,1,0,-0.2462600853680856,0,2
0,3,0,21.0,0,0,-0.5021631365156053,0,1
0,1,0,55.0,0,0,-0.03429443322152489,0,1
0,1,0,71.0,0,0,0.3481344016662756,1,1
0,3,0,21.0,0,0,-0.48606442844527126,0,1
0,3,0,28.0,0,0,-0.35710773978636995,1,1
1,1,1,54.0,1,0,0.9269332652575009,1,2
0,3,0,28.0,0,0,-0.34419456357545336,0,1
0,1,1,25.0,1,2,2.4016413316708807,0,4
0,3,0,24.0,0,0,-0.4911797929346199,0,1
0,3,0,17.0,0,0,-0.47373885507892183,0,1
0,3,1,21.0,0,0,-0.4921014439716465,2,1
0,3,1,28.0,0,0,-0.4945323488902669,2,1
0,3,1,37.0,0,0,-0.4551247238725983,0,1
1,1,1,16.0,0,0,1.0926151317018513,0,1
0,1,0,18.0,1,0,1.543378957671202,1,2
1,2,1,33.0,0,2,-0.12484966611715334,0,3
1,1,0,28.0,0,0,-0.11378180431879874,0,1
0,3,0,28.0,0,0,-0.19477842929766645,0,1
1,3,0,26.0,0,0,0.4888290608469592,0,1
1,3,0,29.0,0,0,-0.4921014439716465,2,1
0,3,0,28.0,0,0,-0.48606442844527126,0,1
1,1,0,36.0,0,0,-0.11906419290437706,0,1
1,1,1,54.0,1,0,0.547271395819289,1,2
0,3,0,24.0,0,0,-0.49721680846099514,0,1
0,1,0,47.0,0,0,0.036555980996014835,0,1
1,2,1,34.0,0,0,-0.4367621349798736,0,1
0,3,0,28.0,0,0,-0.16207792852980063,2,1
1,2,1,36.0,1,0,-0.12484966611715334,0,2
0,3,0,32.0,0,0,-0.48916745442582815,0,1
1,1,1,30.0,0,0,1.2334788273172734,0,1
0,3,0,22.0,0,0,-0.48916745442582815,0,1
0,3,0,28.0,0,0,-0.5026662211428031,1,1
1,1,1,44.0,0,1,0.5186800902863759,1,2
0,3,0,28.0,0,0,-0.5025817029254339,1,1
0,3,0,40.5,0,0,-0.4921014439716465,2,1
1,2,1,50.0,0,0,-0.4367621349798736,0,1
0,1,0,28.0,0,0,3.814890567687252,0,1
0,3,0,39.0,0,0,-0.48857985158126094,0,1
0,2,0,23.0,2,1,-0.41663874989195615,0,4
1,2,1,2.0,1,1,-0.12484966611715334,0,3
0,3,0,28.0,0,0,-0.5025817029254339,1,1
0,3,0,17.0,1,1,-0.5025817029254339,1,3
1,3,1,28.0,0,2,-0.19813299759182226,1,3
0,3,1,30.0,0,0,-0.47373885507892183,0,1
1,2,1,7.0,0,2,-0.11981881984517398,0,3
0,1,0,45.0,0,0,-0.11378180431879874,0,1
1,1,1,30.0,0,0,1.4935735795786063,1,1
0,3,0,28.0,0,0,-0.3562685946282038,0,1
1,1,1,22.0,0,2,0.34804988344890636,1,3
1,1,1,36.0,0,2,0.7807026628391311,0,3
0,3,1,9.0,4,2,-0.01869880977838891,0,7
0,3,1,11.0,4,2,-0.01869880977838891,0,7
1,2,0,32.0,1,0,-0.12484966611715334,0,2
0,1,0,50.0,1,0,1.4935735795786063,1,2
0,1,0,64.0,0,0,-0.12484966611715334,0,1
1,2,1,19.0,1,0,-0.12484966611715334,0,2
1,2,0,28.0,0,0,-0.3690972526217512,1,1
0,3,0,33.0,1,1,-0.23502519947350134,0,3
1,2,0,8.0,1,1,0.09147672357795908,0,3
1,1,0,17.0,0,2,1.5832896673160688,1,3
0,2,0,27.0,0,0,-0.12484966611715334,0,1
0,3,0,28.0,0,0,-0.49050767187268346,2,1
1,3,0,22.0,0,0,-0.5026662211428031,1,1
1,3,1,22.0,0,0,-0.4915983593444486,0,1
0,1,0,62.0,0,0,-0.11378180431879874,0,1
1,1,1,48.0,1,0,0.14882837107852379,1,2
0,1,0,28.0,0,0,3.9305155137254073,1,1
1,1,1,39.0,1,1,0.9547699438496171,0,3
1,3,1,36.0,1,0,-0.2979107778732433,0,2
0,3,0,28.0,0,0,-0.4921014439716465,2,1
0,3,0,40.0,0,0,-0.48916745442582815,0,1
0,2,0,28.0,0,0,-0.37639197971612126,0,1
0,3,0,28.0,0,0,-0.48606442844527126,0,1
0,3,1,28.0,0,0,-0.48606442844527126,0,1
0,3,0,24.0,2,0,-0.16207792852980063,0,3
0,3,0,19.0,0,0,-0.48916745442582815,0,1
0,3,1,29.0,0,4,-0.22395733767514672,0,5
0,3,0,28.0,0,0,-0.5025817029254339,1,1
1,3,0,32.0,0,0,-0.49000458724548557,0,1
1,2,0,62.0,0,0,-0.4367621349798736,0,1
1,1,1,53.0,2,0,0.3878780872149125,0,3
1,1,0,36.0,0,0,-0.11705185439558535,0,1
1,3,1,28.0,0,0,-0.4921014439716465,2,1
0,3,0,16.0,0,0,-0.48606442844527126,0,1
0,3,0,19.0,0,0,-0.3562685946282038,0,1
1,2,1,34.0,0,0,-0.38645367226008,0,1
1,1,1,39.0,1,0,0.4768395480115779,0,2
0,3,1,28.0,1,0,-0.35710773978636995,1,2
1,3,0,32.0,0,0,-0.48857985158126094,0,1
1,2,1,25.0,1,1,-0.04435612576548361,0,3
1,1,1,39.0,1,1,1.5832896673160688,1,3
0,2,0,54.0,0,0,-0.12484966611715334,0,1
0,1,0,36.0,0,0,0.15939314824968043,1,1
0,3,0,28.0,0,0,-0.47273268582452604,1,1
1,1,1,18.0,0,2,0.9547699438496171,0,3
0,2,0,47.0,0,0,-0.3462069020842451,0,1
1,1,0,60.0,1,1,0.9457144205600542,1,3
0,3,0,22.0,0,0,-0.48606442844527126,0,1
0,3,0,28.0,0,0,-0.48606442844527126,0,1
0,3,0,35.0,0,0,-0.5046785596515949,0,1
1,1,1,52.0,1,0,0.9269332652575009,1,2
0,3,0,47.0,0,0,-0.5021631365156053,0,1
0,3,1,28.0,0,2,-0.4921014439716465,2,3
0,2,0,37.0,1,0,-0.12484966611715334,0,2
0,3,0,36.0,1,1,-0.16207792852980063,0,3
1,2,1,28.0,0,0,0.016014029498268696,0,1
0,3,0,49.0,0,0,-0.6480576784030067,0,1
0,3,0,28.0,0,0,-0.5026662211428031,1,1
1,1,0,49.0,1,0,0.4975505359440626,1,2
1,2,1,24.0,2,1,-0.10472628102923591,0,4
0,3,0,28.0,0,0,-0.48916745442582815,0,1
0,1,0,28.0,0,0,0.20517384932469254,0,1
0,3,0,44.0,0,0,-0.48606442844527126,0,1
1,1,0,35.0,0,0,-0.11378180431879874,1,1
0,3,0,36.0,1,0,-0.33513904028589053,0,2
0,3,0,30.0,0,0,-0.48916745442582815,0,1
1,1,0,27.0,0,0,-0.03429443322152489,0,1
1,2,1,22.0,1,2,0.18865657484452994,1,4
1,1,1,40.0,0,0,2.4401273056515227,0,1
0,3,1,39.0,1,5,-0.01869880977838891,0,7
0,3,0,28.0,0,0,-0.5061878135331888,0,1
1,3,1,28.0,1,0,-0.3361452095402864,2,2
0,3,0,28.0,0,0,-0.4921014439716465,2,1
0,3,0,35.0,0,0,-0.48606442844527126,0,1
1,2,1,24.0,1,2,0.6599623523116266,0,4
0,3,0,34.0,1,1,-0.3582809331369956,0,3
0,3,1,26.0,1,0,-0.3240711784875359,0,2
1,2,1,4.0,2,1,0.1367543400257733,0,4
0,2,0,26.0,0,0,-0.4367621349798736,0,1
0,3,0,27.0,1,0,-0.35719024566523044,1,2
1,1,0,42.0,1,0,0.4095107261844238,0,2
1,3,0,20.0,1,1,-0.3312813873645367,1,3
0,3,0,21.0,0,0,-0.49000458724548557,0,1
0,3,0,21.0,0,0,-0.3240711784875359,0,1
0,1,0,61.0,0,0,0.002346226346555142,0,1
0,2,0,57.0,0,0,-0.3995338725672263,2,1
1,1,1,21.0,0,0,0.920727213296387,0,1
0,3,0,26.0,0,0,-0.48916745442582815,0,1
0,3,0,28.0,0,0,-0.49243750450261475,2,1
1,1,0,80.0,0,0,-0.04435612576548361,0,1
0,3,0,51.0,0,0,-0.5061032953158194,0,1
1,1,0,32.0,0,0,-0.03429443322152489,1,1
0,1,0,28.0,0,0,-0.6480576784030067,0,1
0,3,1,9.0,3,2,-0.08661523445011025,0,6
1,2,1,28.0,0,0,-0.38645367226008,0,1
0,3,0,32.0,0,0,-0.48857985158126094,0,1
0,2,0,31.0,1,1,-0.11981881984517398,0,3
0,3,1,41.0,0,5,0.15058916727371655,0,6
0,3,0,28.0,1,0,-0.3240711784875359,0,2
0,3,0,20.0,0,0,-0.49000458724548557,0,1
1,1,1,24.0,0,0,0.7464929081896715,1,1
0,3,1,2.0,3,2,-0.08661523445011025,0,6
1,3,0,28.0,0,0,0.4888290608469592,0,1
1,3,1,0.75,2,1,-0.26051549136436636,1,4
1,1,0,48.0,1,0,0.8959935606848278,1,2
0,3,0,19.0,0,0,-0.48916745442582815,0,1
1,1,0,56.0,0,0,0.06632249221806229,1,1
0,3,0,28.0,0,0,-0.49612612098923,0,1
1,3,1,23.0,0,0,-0.49612612098923,0,1
0,3,0,28.0,0,0,-0.48916745442582815,0,1
1,2,1,18.0,0,1,-0.18521982138090565,0,2
0,3,0,21.0,0,0,-0.47835113494107256,0,1
1,3,1,28.0,0,0,-0.49050767187268346,2,1
0,3,1,18.0,0,0,-0.5122248290595639,2,1
0,2,0,24.0,2,0,0.8310111255589248,0,3
0,3,0,28.0,0,0,-0.48916745442582815,0,1
0,3,1,32.0,1,1,-0.3361452095402864,2,3
0,2,0,23.0,0,0,-0.38645367226008,0,1
0,1,0,58.0,0,2,1.631418767430841,1,3
1,1,0,50.0,2,0,2.0414327385971585,0,3
0,3,0,40.0,0,0,-0.5026662211428031,1,1
0,1,0,47.0,0,0,-0.1331505624659193,0,1
0,3,0,36.0,0,0,-0.49721680846099514,0,1
1,3,0,20.0,1,0,-0.48857985158126094,0,2
0,2,0,32.0,2,0,0.8310111255589248,0,3
0,2,0,25.0,0,0,-0.38645367226008,0,1
0,3,0,28.0,0,0,-0.4915983593444486,0,1
0,3,0,43.0,0,0,-0.48606442844527126,0,1
1,1,1,28.0,1,0,0.3983583461687,0,2
1,2,1,40.0,1,1,0.1367543400257733,0,3
0,1,0,31.0,1,0,0.3983583461687,0,2
0,2,0,70.0,0,0,-0.4367621349798736,0,1
1,2,0,31.0,0,0,-0.38645367226008,0,1
0,2,0,28.0,0,0,-0.6480576784030067,0,1
0,3,0,18.0,0,0,-0.4915983593444486,0,1
0,3,0,24.5,0,0,-0.48606442844527126,0,1
1,3,1,18.0,0,0,-0.45000935938324965,0,1
0,3,1,43.0,1,6,0.295729082220321,0,8
1,1,0,36.0,0,1,9.661740104981662,1,2
0,3,1,28.0,0,0,-0.48430363225007855,2,1
1,1,0,27.0,0,0,0.8959935606848278,1,1
0,3,0,20.0,0,0,-0.4624194509669683,0,1
0,3,0,14.0,5,2,0.295729082220321,0,8
0,2,0,60.0,1,1,0.1367543400257733,0,3
0,2,0,25.0,1,2,0.18865657484452994,1,4
0,3,0,14.0,4,1,0.15058916727371655,0,6
0,3,0,19.0,0,0,-0.443386753350816,0,1
0,3,0,18.0,0,0,-0.4911797929346199,0,1
1,1,1,15.0,0,1,3.604768217614744,0,2
1,1,0,31.0,1,0,0.49897527160828714,0,2
1,3,1,4.0,0,1,-0.3780682576939448,1,2
1,3,0,28.0,0,0,0.4888290608469592,0,1
0,3,0,25.0,0,0,-0.5026662211428031,1,1
0,1,0,60.0,0,0,-0.11378180431879874,0,1
0,2,0,52.0,0,0,-0.37639197971612126,0,1
0,3,0,44.0,0,0,-0.48606442844527126,0,1
1,3,1,28.0,0,0,-0.49243750450261475,2,1
0,1,0,49.0,1,1,1.5832896673160688,1,3
0,3,0,42.0,0,0,-0.4941137824804383,0,1
1,1,1,18.0,1,0,3.9305155137254073,1,2
1,1,0,35.0,0,0,-0.11906419290437706,0,1
0,3,1,18.0,0,1,-0.35719024566523044,1,2
0,3,0,25.0,0,0,-0.4922684680678762,2,1
0,3,0,26.0,1,0,-0.49000458724548557,0,2
0,2,0,39.0,0,0,-0.12484966611715334,0,1
1,2,1,45.0,0,0,-0.37639197971612126,0,1
1,1,0,42.0,0,0,-0.11906419290437706,0,1
1,1,1,22.0,0,0,2.4016413316708807,0,1
1,3,0,28.0,1,1,-0.34126057402963506,1,3
1,1,1,24.0,0,0,0.3481344016662756,1,1
0,1,0,28.0,0,0,-0.11378180431879874,0,1
1,1,0,48.0,1,0,0.3983583461687,0,2
0,3,0,29.0,0,0,-0.4572215805987592,0,1
0,2,0,52.0,0,0,-0.38645367226008,0,1
0,3,0,19.0,0,0,-0.4941137824804383,0,1
1,1,1,38.0,0,0,3.9305155137254073,1,1
1,2,1,27.0,0,0,-0.4367621349798736,0,1
0,3,0,28.0,0,0,-0.3361452095402864,2,1
0,3,0,33.0,0,0,-0.4915983593444486,0,1
1,2,1,6.0,0,1,0.016014029498268696,0,2
0,3,0,17.0,1,0,-0.5061032953158194,0,2
0,2,0,34.0,0,0,-0.38645367226008,0,1
0,2,0,50.0,0,0,-0.38645367226008,0,1
1,1,0,27.0,1,0,0.42049406976540915,0,2
0,3,0,20.0,0,0,-0.47373885507892183,0,1
1,2,1,30.0,3,0,-0.2254665915567405,0,4
1,3,1,28.0,0,0,-0.4923529862852455,2,1
0,2,0,25.0,1,0,-0.12484966611715334,0,2
0,3,1,25.0,1,0,-0.48857985158126094,0,2
1,1,1,29.0,0,0,3.604768217614744,0,1
0,3,0,11.0,0,0,-0.2699895810637578,1,1
0,2,0,28.0,0,0,-0.6480576784030067,0,1
0,2,0,23.0,0,0,-0.38645367226008,0,1
0,2,0,23.0,0,0,-0.38645367226008,0,1
0,3,0,28.5,0,0,-0.3240711784875359,0,1
0,3,1,48.0,1,3,0.04368368399415517,0,5
1,1,0,35.0,0,0,9.661740104981662,1,1
0,3,0,28.0,0,0,-0.48916745442582815,0,1
0,3,0,28.0,0,0,-0.48916745442582815,0,1
1,1,0,28.0,0,0,-0.04435612576548361,0,1
0,1,0,36.0,1,0,0.9386712357792829,0,2
1,1,1,21.0,2,2,4.631815484039331,1,5
0,3,0,24.0,1,0,-0.3240711784875359,0,2
1,3,0,31.0,0,0,-0.48857985158126094,0,1
0,1,0,70.0,1,1,0.7807026628391311,0,3
0,3,0,16.0,1,1,-0.2405591303726786,0,3
1,2,1,30.0,0,0,-0.38645367226008,0,1
0,1,0,19.0,1,0,0.42049406976540915,0,2
0,3,0,31.0,0,0,-0.4921014439716465,2,1
1,2,1,4.0,1,1,-0.18521982138090565,0,3
1,3,0,6.0,0,1,-0.3970184494312366,0,2
0,3,0,33.0,0,0,-0.456885520067791,0,1
0,3,0,23.0,0,0,-0.48916745442582815,0,1
1,2,1,48.0,1,2,0.6599623523116266,0,4
1,2,0,0.67,1,1,-0.3562685946282038,0,3
0,3,0,28.0,0,0,-0.4911797929346199,0,1
0,2,0,18.0,0,0,-0.41663874989195615,0,1
0,3,0,34.0,0,0,-0.48606442844527126,0,1
1,1,1,33.0,0,0,1.0926151317018513,0,1
0,3,0,28.0,0,0,-0.3562685946282038,0,1
0,3,0,41.0,0,0,-0.5046785596515949,0,1
1,3,0,20.0,0,0,-0.5025817029254339,1,1
1,1,1,36.0,1,2,1.7667485321470855,0,4
0,3,0,16.0,0,0,-0.4915983593444486,0,1
1,1,1,51.0,1,0,0.920727213296387,0,2
0,1,0,28.0,0,0,0.14882837107852379,1,1
0,3,1,30.5,0,0,-0.4921014439716465,2,1
0,3,0,28.0,1,0,-0.16207792852980063,2,2
0,3,0,32.0,0,0,-0.4797758706052971,0,1
0,3,0,24.0,0,0,-0.456885520067791,0,1
0,3,0,48.0,0,0,-0.49000458724548557,0,1
0,2,1,57.0,0,0,-0.4367621349798736,0,1
0,3,0,28.0,0,0,-0.5026662211428031,1,1
1,2,1,54.0,1,3,-0.18521982138090565,0,5
0,3,0,18.0,0,0,-0.4921014439716465,0,1
0,3,0,28.0,0,0,-0.4921014439716465,2,1
1,3,1,5.0,0,0,-0.3970184494312366,0,1
0,3,0,28.0,0,0,-0.4923529862852455,2,1
1,1,1,43.0,0,1,3.604768217614744,0,2
1,3,1,13.0,0,0,-0.5025817029254339,1,1
1,1,1,17.0,1,0,0.49897527160828714,0,2
0,1,0,29.0,0,0,-0.04435612576548361,0,1
0,3,0,28.0,1,2,-0.17616429809134282,0,4
0,3,0,25.0,0,0,-0.5061878135331888,0,1
0,3,0,25.0,0,0,-0.5021631365156053,0,1
1,3,1,18.0,0,0,-0.49721680846099514,0,1
0,3,0,8.0,4,1,-0.06196408771741136,2,6
1,3,0,1.0,1,2,-0.23401903021910545,0,4
0,1,0,46.0,0,0,0.9457144205600542,1,1
0,3,0,28.0,0,0,-0.4921014439716465,2,1
0,2,0,16.0,0,0,-0.12484966611715334,0,1
0,3,1,28.0,8,2,0.7515237544616509,0,11
0,1,0,28.0,0,0,-0.030354274421310688,1,1
0,3,0,25.0,0,0,-0.48916745442582815,0,1
0,2,0,39.0,0,0,-0.38645367226008,0,1
1,1,1,49.0,0,0,-0.12627440178137786,0,1
1,3,1,31.0,0,0,-0.4733202886690932,0,1
0,3,0,30.0,0,0,-0.5025817029254339,1,1
0,3,1,30.0,1,1,-0.16207792852980063,0,3
0,2,0,34.0,0,0,-0.38645367226008,0,1
1,2,1,31.0,1,1,-0.11981881984517398,0,3
1,1,0,11.0,1,2,1.7667485321470855,0,4
1,3,0,0.42,0,1,-0.47667284462474024,1,2
1,3,0,27.0,0,0,-0.5076970674147825,0,1
0,3,0,31.0,0,0,-0.4915983593444486,0,1
0,1,0,39.0,0,0,-0.6480576784030067,0,1
0,3,1,18.0,0,0,-0.4915983593444486,0,1
0,2,0,39.0,0,0,-0.38645367226008,0,1
1,1,1,33.0,1,0,0.42049406976540915,0,2
0,3,0,26.0,0,0,-0.4893344785220579,0,1
0,3,0,39.0,0,0,-0.16207792852980063,0,1
0,2,0,35.0,0,0,-0.4367621349798736,0,1
0,3,1,6.0,4,2,-0.01869880977838891,0,7
0,3,0,30.5,0,0,-0.48606442844527126,0,1
0,1,0,28.0,0,0,-0.6480576784030067,0,1
0,3,1,23.0,0,0,-0.48857985158126094,0,1
0,2,0,31.0,1,1,0.09659208806730762,1,3
0,3,0,43.0,0,0,-0.5182618445859392,0,1
0,3,0,10.0,3,2,-0.08661523445011025,0,6
1,1,1,52.0,1,1,1.2334788273172734,0,3
1,3,0,27.0,0,0,-0.47373885507892183,0,1
0,1,0,38.0,0,0,-0.6480576784030067,0,1
1,3,1,27.0,0,1,-0.3970184494312366,0,2
0,3,0,2.0,4,1,0.15058916727371655,0,6
0,3,0,28.0,0,0,-0.5082001520419804,2,1
0,3,0,28.0,0,0,0.4888290608469592,0,1
1,2,0,1.0,0,2,0.09659208806730762,1,3
1,3,0,28.0,0,0,-0.4921014439716465,2,1
1,1,1,62.0,0,0,0.9618131286303881,0,1
1,3,1,15.0,1,0,-0.35719024566523044,1,2
1,2,0,0.83,1,1,-0.27074420800455473,0,3
0,3,0,28.0,0,0,-0.5025817029254339,1,1
0,3,0,23.0,0,0,-0.49000458724548557,0,1
0,3,0,18.0,0,0,-0.4810335821732919,0,1
1,1,1,39.0,1,1,1.0253688157535576,1,3
0,3,0,21.0,0,0,-0.47373885507892183,0,1
0,3,0,28.0,0,0,-0.48606442844527126,0,1
1,3,0,32.0,0,0,0.4888290608469592,0,1
1,1,0,28.0,0,0,-0.05039314129185885,1,1
0,3,0,20.0,0,0,-0.48857985158126094,0,1
0,2,0,16.0,0,0,-0.4367621349798736,0,1
1,1,1,30.0,0,0,-0.024232740677566172,1,1
0,3,0,34.5,0,0,-0.5185133868995382,1,1
0,3,0,17.0,0,0,-0.47373885507892183,0,1
0,3,0,42.0,0,0,-0.49612612098923,0,1
0,3,0,28.0,8,2,0.7515237544616509,0,11
0,3,0,35.0,0,0,-0.48916745442582815,1,1
0,2,0,28.0,0,1,0.016014029498268696,0,2
1,1,1,28.0,1,0,1.1450204511478062,1,2
0,3,0,4.0,4,2,-0.01869880977838891,0,7
0,3,0,74.0,0,0,-0.4915983593444486,0,1
0,3,1,9.0,1,1,-0.34126057402963506,1,3
1,1,1,16.0,0,1,0.14480369406094024,0,2
0,2,1,44.0,1,0,-0.12484966611715334,0,2
1,3,1,18.0,0,1,-0.4599040278309786,0,2
1,1,1,45.0,1,1,2.6696184138711505,0,3
1,1,0,51.0,0,0,-0.11378180431879874,0,1
1,3,1,24.0,0,3,-0.26051549136436636,1,4
0,3,0,28.0,0,0,-0.5025817029254339,1,1
0,3,0,41.0,2,0,-0.3641509245671411,0,3
0,2,0,21.0,1,0,-0.41663874989195615,0,2
1,1,1,48.0,0,0,-0.12627440178137786,0,1
0,3,1,28.0,8,2,0.7515237544616509,0,11
0,2,0,24.0,0,0,-0.38645367226008,0,1
1,2,1,42.0,0,0,-0.38645367226008,0,1
1,2,1,27.0,1,0,-0.36918177083912046,1,2
0,1,0,31.0,0,0,0.3680887503194546,0,1
0,3,0,28.0,0,0,-0.456885520067791,0,1
1,3,0,4.0,1,1,-0.4240179952036955,0,3
0,3,0,26.0,0,0,-0.48916745442582815,0,1
1,1,1,47.0,1,1,0.4095107261844238,0,3
0,1,0,33.0,0,0,-0.5474407529634194,0,1
0,3,0,47.0,0,0,-0.4669472126117497,0,1
1,2,1,28.0,1,0,-0.1650964362929882,1,2
1,3,1,15.0,0,0,-0.5026662211428031,1,1
0,3,0,20.0,0,0,-0.44992685350438916,0,1
0,3,0,19.0,0,0,-0.48916745442582815,0,1
0,3,0,28.0,0,0,-0.48916745442582815,0,1
1,1,1,56.0,0,1,1.0253688157535576,1,2
1,2,1,25.0,0,1,-0.12484966611715334,0,2
0,3,0,33.0,0,0,-0.48916745442582815,0,1
0,3,1,22.0,0,0,-0.43642607444890535,0,1
0,2,0,28.0,0,0,-0.4367621349798736,0,1
0,3,0,25.0,0,0,-0.5061878135331888,0,1
0,3,1,39.0,0,5,-0.06196408771741136,2,6
0,2,0,27.0,0,0,-0.38645367226008,0,1
1,1,1,19.0,0,0,-0.04435612576548361,0,1
0,3,1,28.0,1,2,-0.17616429809134282,0,4
1,1,0,26.0,0,0,-0.04435612576548361,1,1
0,3,0,32.0,0,0,-0.4921014439716465,2,1
